Player_id;Age;Country;Height;Weight;Plays;Backhand;Turned_Pro;Seasons;Active;Prize_Money;Titles;Grand_Slam;Masters;Finals;Current_Rank;Best_Rank;Current_Elo_Rank;Best_Elo_Rank;Pick_Elo_Rank;Goat_Rank;Hard;Clay;Grass;Carpet;Grand Slam;Tour Finals;Masters;Olympics;ATP 500;ATP 250;Davis Cup;Deciding Set;Fifth Set;After Winning 1st Set;After Losing 1st Set;Tie-Breaks;Deciding Set Tie-Breaks;Outdoor;Indoor;Best of 3;Best of 5;Vs No. 1;Vs Top 5;Vs Top 10;Vs Top 20;Vs Top 50;Vs Top 100;Final;For Bronze Medal;Semi-Final;Quarter-Final;Round of 16;Round of 32;Round of 64;Round of 128;Round-Robin;Very Fast;Fast;Medium Fast;Medium;Medium Slow;Slow;Very Slow;Best of 3: 2:0;Best of 3: 2:1;Best of 3: 1:2;Best of 3: 0:2;Best of 5: 3:0;Best of 5: 3:1;Best of 5: 3:2;Best of 5: 2:3;Best of 5: 1:3;Best of 5: 0:3
4920;31 (22-05-1987);Serbia;77 kg;188 cm;Right-handed;Two-handed;2003;;Yes ;US$ 125,772,589 All-time leader in earnings;73;15;32;5;1 (10955);1 (;1 (2424);1 (;2629 (;2 (; 84.3% (549-102); 79.4% (200-52); 83.0% (88-18); 69.2% (9-4); 86.6% (265-41); 74.5% (35-12); 82.0% (332-73); 69.2% (9-4); 85.7% (96-16); 77.2% (78-23); 81.6% (31-7); 74.3% (171-59); 76.3% (29-9); 96.1% (739-30); 42.5% (107-145); 63.3% (233-135); 71.4% (15-6); 83.9% (729-140); 76.5% (117-36); 81.2% (552-128); 86.0% (294-48); 43.3% (13-17); 60.3% (94-62); 68.8% (198-90); 72.2% (299-115); 79.0% (563-150); 81.8% (744-165); 68.6% (72-33); 50.0% (1-1); 72.7% (104-39); 82.5% (132-28); 87.2% (164-24); 90.1% (182-20); 86.8% (79-12); 94.8% (55-3); 74.3% (26-9); 83.1% (172-35); 81.9% (176-39); 82.8% (149-31); 86.4% (172-27); 83.7% (87-17); 73.8% (31-11); 75.7% (28-9); 60.0% (397/662); 21.5% (142/662);  7.6% (50/662); 11.0% (73/662); 57.9% (187/323); 20.4% (66/323);  9.0% (29/323);  2.8% (9/323);  5.0% (16/323);  5.0% (16/323)
4742;32 (03-06-1986);Spain;85 kg;185 cm;Left-handed;Two-handed;2001;;Yes ;US$$103,251,975 3rd all-time leader in earnings;80;17;33;;2 (8320);1 (;2 (2402);1 (;2552 (;3 (; 77.4% (441-129); 92.0% (415-36); 77.6% (66-19); 25.0% (2-6); 87.2% (253-37); 55.2% (16-13); 82.5% (362-77); 83.3% (10-2); 87.2% (150-22); 74.1% (109-38); 96.0% (24-1); 68.6% (155-71); 65.6% (21-11); 95.0% (814-43); 42.8% (110-147); 61.0% (227-145); 52.9% (18-16); 84.8% (856-154); 65.4% (68-36); 80.9% (640-151); 87.9% (284-39); 51.4% (19-18); 59.7% (80-54); 65.3% (162-86); 71.6% (288-114); 77.5% (548-159); 82.0% (798-175); 68.4% (80-37);  0.0% (0-1); 76.3% (116-36); 76.6% (147-45); 88.9% (193-24); 89.4% (210-25); 88.7% (86-11); 96.4% (54-2); 63.6% (14-8); 73.7% (126-45); 77.1% (145-43); 77.3% (119-35); 85.2% (218-38); 89.8% (158-18); 93.2% (69-5); 94.2% (65-4); 63.9% (493/772); 17.4% (134/772);  7.8% (60/772); 11.0% (85/772); 63.7% (198/311); 18.0% (56/311);  6.8% (21/311);  3.5% (11/311);  3.9% (12/311);  4.2% (13/311)
644;21 (20-04-1997);Germany;86 kg;198 cm;Right-handed;Two-handed;2013;;Yes ;US$15,747,928 30th all-time in earnings;10;;3;1;3 (6475);3 (;7 (2203);5 (;2231 (;69 (; 64.1% (98-55); 70.7% (58-24); 66.7% (22-11);; 62.5% (25-15); 62.5% (5-3); 69.2% (54-24);; 67.1% (49-24); 67.2% (41-20); 50.0% (4-4); 60.6% (60-39); 60.0% (9-6); 83.8% (145-28); 34.7% (33-62); 57.1% (64-48); 90.0% (9-1); 67.7% (147-70); 60.8% (31-20); 67.7% (149-71); 60.4% (29-19); 33.3% (1-2); 47.4% (9-10); 46.3% (19-22); 50.0% (38-38); 59.5% (94-64); 63.2% (144-84); 66.7% (10-5);; 55.6% (15-12); 72.2% (26-10); 69.2% (36-16); 63.0% (46-27); 69.7% (23-10); 83.3% (15-3); 50.0% (3-3); 58.7% (37-26); 63.5% (33-19); 79.3% (46-12); 70.8% (34-14); 56.0% (14-11); 72.7% (8-3); 66.7% (2-1); 43.8% (95/217); 23.5% (51/217); 15.2% (33/217); 17.5% (38/217); 33.3% (16/48);  8.3% (4/48); 18.8% (9/48); 12.5% (6/48); 16.7% (8/48); 10.4% (5/48)
5216;30 (23-09-1988);Argentina;97 kg;198 cm;Right-handed;Two-handed;2005;;Yes ;US$25,359,003 11th all-time leader in earnings;22;1;1;;4 (5060);3 (;4 (2263);3 (;2329 (;33 (; 72.2% (307-118); 70.9% (78-32); 69.6% (39-17); 75.0% (6-2); 72.9% (94-35); 46.7% (7-8); 65.6% (105-55); 83.3% (10-2); 78.9% (86-23); 72.7% (112-42); 78.9% (15-4); 68.6% (96-44); 43.8% (7-9); 92.6% (364-29); 32.0% (66-140); 58.9% (156-109); 80.0% (16-4); 71.9% (337-132); 71.5% (93-37); 71.4% (322-129); 73.0% (108-40); 43.5% (10-13); 35.2% (31-57); 40.8% (53-77); 52.2% (107-98); 64.7% (236-129); 69.8% (359-155); 62.9% (22-13);100.0% (1-0); 57.6% (34-25); 65.1% (56-30); 71.7% (86-34); 77.1% (111-33); 74.3% (55-19); 90.9% (40-4); 56.3% (9-7); 69.6% (94-41); 69.1% (67-30); 69.2% (83-37); 77.3% (109-32); 73.3% (44-16); 72.7% (16-6); 40.0% (2-3); 52.3% (226/432); 20.6% (89/432);  8.1% (35/432); 19.0% (82/432); 46.5% (66/142); 21.8% (31/142);  4.9% (7/142);  6.3% (9/142);  9.9% (14/142); 10.6% (15/142)
4728;32 (18-05-1986);South Africa;;203 cm;Right-handed;Two-handed;2007;;Yes ;US$15,732,933 31st all-time leader in earnings;6;;;;5 (4845);5 (;8 (2166);7 (;2182 (;114 (; 61.1% (232-148); 53.4% (55-48); 59.0% (36-25);; 63.9% (69-39); 50.0% (2-2); 53.8% (84-72); 50.0% (1-1); 58.1% (50-36); 60.9% (109-70); 88.9% (8-1); 57.1% (104-78); 58.3% (14-10); 84.2% (250-47); 29.6% (73-174); 55.0% (192-157); 60.5% (23-15); 60.3% (284-187); 53.4% (39-34); 57.7% (247-181); 65.5% (76-40);  0.0% (0-5); 27.5% (11-29); 21.3% (17-63); 31.2% (43-95); 45.5% (131-157); 54.8% (247-204); 31.6% (6-13);; 63.3% (19-11); 44.6% (29-36); 54.8% (63-52); 60.8% (96-62); 69.1% (67-30); 68.8% (33-15); 66.7% (2-1); 63.0% (68-40); 59.0% (85-59); 53.8% (50-43); 59.4% (57-39); 61.8% (47-29); 46.7% (7-8); 33.3% (1-2); 35.5% (147/414); 21.7% (90/414); 16.4% (68/414); 26.3% (109/414); 29.2% (33/113); 24.8% (28/113); 12.4% (14/113);  8.8% (10/113);  8.8% (10/113); 15.9% (18/113)
3819;37 (08-08-1981);Switzerland;85 kg;185 cm;Right-handed;One-handed;1998;;Yes ;US$120,514,916 2nd all-time leader in earnings;99;20;27;6;6 (4600);1 (;3 (2338);1 (;2550 (;1 (; 83.4% (742-148); 75.9% (214-68); 87.1% (176-26); 72.5% (50-19); 86.1% (342-55); 79.2% (57-15); 77.8% (364-104); 72.2% (13-5); 86.7% (163-25); 80.6% (204-49); 83.3% (40-8); 64.9% (222-120); 58.0% (29-21); 93.3% (1054-76); 41.1% (129-185); 64.8% (438-238); 55.0% (33-27); 82.5% (920-195); 79.9% (263-66); 80.5% (786-190); 84.8% (397-71); 34.5% (10-19); 59.3% (102-70); 65.3% (216-115); 70.2% (363-154); 77.8% (747-213); 80.7% (1029-246); 66.0% (99-51);  0.0% (0-1); 75.1% (151-50); 81.0% (183-43); 85.9% (225-37); 87.6% (254-36); 85.1% (120-21); 90.9% (70-7); 85.4% (41-7); 83.0% (244-50); 83.1% (260-53); 84.7% (194-35); 80.8% (236-56); 80.2% (105-26); 76.2% (48-15); 77.4% (48-14); 60.2% (579/962); 20.1% (193/962); 10.3% (99/962);  9.5% (91/962); 63.2% (292/462); 15.2% (70/462);  6.3% (29/462);  4.5% (21/462);  5.6% (26/462);  5.2% (24/462)
5442;29 (29-12-1989);Japan;77 kg;178 cm;Right-handed;Two-handed;2007;;Yes ;US$21,673,386 14th all-time leader in earnings;12;;;;7 (4100);4 (;6 (2211);4 (;2296 (;50 (; 68.3% (259-120); 71.2% (84-34); 61.0% (36-23);100.0% (1-0); 70.8% (85-35); 35.7% (5-9); 64.7% (97-53); 72.7% (8-3); 73.0% (84-31); 66.7% (86-43); 85.0% (17-3); 76.0% (127-40); 76.9% (20-6); 92.2% (294-25); 36.7% (88-152); 60.2% (121-80); 66.7% (14-7); 68.1% (316-148); 69.5% (66-29); 66.9% (281-139); 72.7% (101-38); 10.5% (2-17); 29.5% (18-43); 37.1% (39-66); 44.9% (75-92); 57.5% (185-137); 64.9% (300-162); 46.2% (12-14);100.0% (1-0); 50.0% (26-26); 64.1% (50-28); 66.7% (80-40); 76.6% (105-32); 79.2% (57-15); 70.7% (29-12); 41.7% (5-7); 68.6% (72-33); 69.4% (102-45); 66.3% (67-34); 61.1% (58-37); 73.1% (49-18); 72.2% (13-5); 66.7% (4-2); 42.0% (169/402); 26.6% (107/402);  8.5% (34/402); 22.9% (92/402); 40.2% (51/127); 18.1% (23/127); 15.7% (20/127);  4.7% (6/127);  7.9% (10/127); 13.4% (17/127)
6219;25 (03-09-1993);Austria;82 kg;185 cm;Right-handed;One-handed;2011;;Yes ;US$14,132,144 38th all-time leader in earnings;11;;;;8 (3960);4 (;13 (2111);8 (;2201 (;89 (; 55.3% (99-80); 74.5% (111-38); 51.9% (14-13);; 69.6% (48-21); 33.3% (3-6); 55.7% (49-39);; 60.8% (45-29); 68.9% (73-33); 66.7% (6-3); 60.6% (63-41); 50.0% (6-6); 89.4% (178-21); 29.5% (46-110); 51.9% (83-77); 47.1% (8-9); 65.2% (191-102); 53.2% (33-29); 61.6% (172-107); 68.4% (52-24); 22.2% (2-7); 32.3% (10-21); 31.9% (15-32); 38.3% (31-50); 55.9% (105-83); 63.2% (192-112); 61.1% (11-7);; 66.7% (18-9); 56.3% (27-21); 60.0% (48-32); 66.0% (62-32); 62.2% (28-17); 84.0% (21-4); 33.3% (3-6); 49.3% (36-37); 56.4% (44-34); 64.3% (36-20); 76.1% (51-16); 71.4% (45-18); 71.4% (5-2); 50.0% (1-1); 40.1% (108/269); 21.2% (57/269); 13.0% (35/269); 25.7% (69/269); 36.1% (26/72); 26.4% (19/72);  8.3% (6/72);  8.3% (6/72);  8.3% (6/72); 12.5% (9/72)
4544;33 (26-04-1985);United States;;206 cm;Right-handed;Two-handed;2007;;Yes ;US$16,888,108 24th all-time leader in earnings;14;;1;;9 (3155);8 (;26 (2021);10 (;2147 (;72 (; 63.2% (280-163); 54.3% (69-58); 65.7% (44-23);; 62.9% (73-43);  0.0% (0-3); 59.6% (112-76); 75.0% (3-1); 55.3% (47-38); 67.3% (142-69); 57.7% (15-11); 57.4% (144-107); 37.9% (11-18); 84.6% (312-57); 30.3% (81-186); 60.8% (396-255); 56.3% (49-38); 62.9% (348-205); 53.6% (45-39); 61.9% (309-190); 60.9% (84-54); 18.2% (2-9); 20.8% (10-38); 28.6% (24-60); 36.6% (53-92); 45.5% (140-168); 57.8% (299-218); 53.8% (14-12);; 55.3% (26-21); 57.3% (47-35); 61.5% (83-52); 57.0% (94-71); 75.5% (77-25); 76.6% (36-11);  0.0% (0-3); 56.3% (58-45); 60.6% (80-52); 63.2% (74-43); 65.6% (99-52); 67.4% (62-30); 33.3% (4-8); 25.0% (1-3); 35.4% (176/497); 26.8% (133/497); 17.9% (89/497); 19.9% (99/497); 33.3% (45/135); 20.0% (27/135);  8.1% (11/135); 13.3% (18/135); 13.3% (18/135); 11.9% (16/135)
5220;30 (28-09-1988);Croatia;82 kg;198 cm;Right-handed;Two-handed;2005;;Yes ;US$26,106,425 10th all-time leader in earnings;18;1;1;;10 (3140);3 (;9 (2161);6 (;2231 (;53 (; 66.1% (295-151); 62.6% (117-70); 71.0% (66-27); 44.4% (4-5); 72.6% (114-43); 16.7% (2-10); 54.2% (103-87); 57.1% (4-3); 66.9% (83-41); 71.7% (147-58); 72.5% (29-11); 58.6% (136-96); 64.4% (29-16); 86.2% (401-64); 30.0% (81-189); 53.4% (186-162); 44.4% (8-10); 65.6% (382-200); 65.4% (100-53); 63.0% (341-200); 72.7% (141-53); 14.3% (2-12); 16.9% (11-54); 29.1% (32-78); 38.8% (76-120); 53.1% (217-192); 61.8% (368-227); 56.3% (18-14);; 58.2% (32-23); 52.9% (54-48); 67.3% (103-50); 68.8% (128-58); 70.4% (76-32); 85.1% (40-7); 16.7% (2-10); 67.1% (106-52); 63.8% (102-58); 64.7% (77-42); 64.7% (86-47); 64.9% (48-26); 71.0% (22-9); 60.0% (12-8); 42.4% (226/533); 20.1% (107/533); 15.0% (80/533); 22.5% (120/533); 42.6% (80/188); 13.8% (26/188); 15.4% (29/188);  8.5% (16/188);  7.4% (14/188); 12.2% (23/188)
11547;22 (21-05-1996);Russian Federation;;;Right-handed;Two-handed;2013;;Yes ;US$ 4,975,535;4;;1;;11 (2880);11 (;11 (2124);11 (;2137 (;231 (; 54.1% (53-45); 58.1% (25-18); 71.4% (10-4);; 64.3% (18-10);; 54.1% (20-17);; 54.3% (19-16); 58.0% (29-21); 33.3% (2-4); 46.9% (23-26); 60.0% (3-2); 80.9% (76-18); 19.4% (12-50); 47.4% (46-51); 22.2% (2-7); 55.1% (65-53); 60.5% (23-15); 55.7% (68-54); 58.8% (20-14);  0.0% (0-5); 18.2% (2-9); 30.4% (7-16); 31.0% (13-29); 46.0% (40-47); 50.7% (68-66);100.0% (4-0);; 66.7% (4-2); 37.5% (6-10); 47.1% (16-18); 60.0% (30-20); 61.5% (16-10); 71.4% (10-4);  1.4% (1/69); 73.5% (36-13); 45.8% (11-13); 40.0% (10-15); 54.2% (13-11); 55.6% (10-8); 62.5% (5-3); 50.0% (1-1); 38.3% (46/120); 16.7% (20/120); 20.0% (24/120); 25.0% (30/120); 23.5% (8/34); 26.5% (9/34);  8.8% (3/34);  5.9% (2/34); 11.8% (4/34); 23.5% (8/34)
26578;20 (12-08-1998);Greece;;;Right-handed;One-handed;2016;;Yes ;$2,008,000;1;;;;12 (2805);12 (;18 (2088);18 (;2088 (;260 (; 55.7% (34-27); 57.9% (11-8); 60.0% (6-4);; 58.8% (10-7);; 52.4% (11-10);; 65.2% (15-8); 51.7% (15-14);; 57.1% (16-12);100.0% (1-0); 86.7% (39-6); 26.7% (12-33); 49.0% (25-26); 60.0% (3-2); 58.0% (40-29); 52.4% (11-10); 56.2% (41-32); 58.8% (10-7);  0.0% (0-2); 25.0% (2-6); 40.0% (8-12); 45.2% (14-17); 54.7% (29-24); 53.2% (41-36); 33.3% (1-2);; 42.9% (3-4); 53.8% (7-6); 72.2% (13-5); 51.9% (14-13); 61.5% (8-5); 55.6% (5-4);; 58.8% (20-14); 44.4% (8-10); 64.3% (9-5); 45.5% (5-6); 71.4% (5-2); 66.7% (4-2);; 33.8% (24/71); 21.1% (15/71); 16.9% (12/71); 28.2% (20/71); 11.8% (2/17); 41.2% (7/17);  5.9% (1/17);; 11.8% (2/17); 29.4% (5/17)
6418;22 (14-11-1996);Croatia;;;Right-handed;Two-handed;2013;;Yes ;US$5,631,859;2;;;;13 (2605);12 (;16 (2101);13 (;2101 (;217 (; 51.4% (71-67); 56.9% (41-31); 46.7% (7-8);; 48.6% (17-18);; 55.9% (38-30);  0.0% (0-1); 57.9% (22-16); 48.5% (32-34); 58.8% (10-7); 51.4% (37-35); 57.1% (4-3); 82.9% (92-19); 23.7% (27-87); 51.6% (48-45); 90.0% (9-1); 54.4% (106-89); 43.3% (13-17); 53.2% (92-81); 51.9% (27-25); 50.0% (2-2); 34.8% (8-15); 30.8% (12-27); 31.3% (21-46); 44.7% (59-73); 51.2% (103-98); 40.0% (2-3);; 55.6% (5-4); 42.9% (9-12); 54.1% (20-17); 47.3% (35-39); 64.9% (24-13); 56.0% (14-11);; 58.2% (32-23); 38.5% (15-24); 54.1% (20-17); 61.2% (30-19); 47.8% (11-12); 33.3% (1-2);  0.0% (0-2); 33.5% (56/167); 19.8% (33/167); 19.2% (32/167); 27.5% (46/167); 26.0% (13/50); 18.0% (9/50);  8.0% (4/50);  6.0% (3/50); 14.0% (7/50); 28.0% (14/50)
5670;28 (27-12-1990);Canada;98 kg;196 cm;Right-handed;Two-handed;2008;;Yes ;US$17,588,771 22nd all-time leader in earnings;8;;;;14 (2250);3 (;10 (2127);5 (;2269 (;66 (; 70.2% (221-94); 64.0% (64-36); 68.3% (41-19);; 72.7% (80-30); 33.3% (2-4); 64.2% (104-58); 50.0% (1-1); 69.5% (57-25); 71.7% (66-26); 76.2% (16-5); 60.5% (75-49); 56.3% (9-7); 87.9% (284-39); 27.6% (42-110); 62.2% (206-125); 69.7% (23-10); 68.9% (272-123); 67.5% (54-26); 66.7% (230-115); 73.8% (96-34);  0.0% (0-8); 23.9% (11-35); 32.2% (28-59); 43.8% (60-77); 58.7% (155-109); 66.3% (264-134); 38.1% (8-13);; 58.3% (21-15); 54.3% (38-32); 65.4% (68-36); 76.3% (87-27); 79.5% (58-15); 90.3% (28-3); 40.0% (2-3); 63.7% (65-37); 69.2% (90-40); 74.4% (61-21); 66.7% (48-24); 70.0% (35-15); 61.5% (8-5); 60.0% (3-2); 47.6% (161/338); 19.5% (66/338); 12.4% (42/338); 20.4% (69/338); 47.7% (61/128); 19.5% (25/128);  7.0% (9/128);  5.5% (7/128); 10.2% (13/128); 10.2% (13/128)
4921;31 (24-05-1987);Italy;;178 cm;Right-handed;Two-handed;2004;;Yes ;US$11,094,798;8;;;;15 (2225);13 (;23 (2039);14 (;2112 (;171 (; 47.8% (120-131); 58.9% (192-134); 50.0% (17-17);  0.0% (0-1); 53.3% (49-43);; 44.7% (63-78); 50.0% (2-2); 55.8% (53-42); 56.5% (143-110); 72.4% (21-8); 59.0% (124-86); 58.1% (18-13); 82.9% (243-50); 27.4% (88-233); 55.4% (118-95); 64.0% (16-9); 55.0% (303-248); 44.4% (28-35); 53.1% (263-232); 57.1% (68-51); 12.5% (1-7); 12.5% (5-35); 17.9% (12-55); 24.8% (31-94); 40.3% (122-181); 48.0% (229-248); 44.4% (8-10);; 48.6% (18-19); 61.3% (38-24); 50.4% (63-62); 50.8% (91-88); 54.1% (60-51); 60.4% (32-21);; 43.1% (28-37); 53.6% (59-51); 47.4% (37-41); 54.3% (76-64); 57.9% (66-48); 54.7% (29-24); 60.0% (15-10); 31.0% (149/481); 22.0% (106/481); 15.2% (73/481); 31.8% (153/481); 24.6% (28/114); 14.9% (17/114); 15.8% (18/114); 11.4% (13/114); 13.2% (15/114); 20.2% (23/114)
6407;22 (11-02-1996);Russian Federation;;;Right-handed;Two-handed;2015;;Yes ;US$2,604,780;3;;;;16 (2000);16 (;15 (2103);15 (;2103 (;315 (; 63.8% (60-34); 15.4% (2-11); 59.1% (13-9);; 50.0% (9-9);; 36.4% (8-14);; 67.9% (19-9); 64.4% (38-21); 50.0% (1-1); 59.1% (26-18);  0.0% (0-2); 87.9% (58-8); 27.0% (17-46); 55.6% (25-20); 54.5% (6-5); 54.8% (51-42); 66.7% (24-12); 59.5% (66-45); 50.0% (9-9);  0.0% (0-1); 12.5% (1-7);  9.1% (1-10); 40.0% (12-18); 45.7% (32-38); 53.8% (56-48); 60.0% (3-2);; 62.5% (5-3); 47.1% (8-9); 68.0% (17-8); 59.0% (23-16); 52.4% (11-10); 58.3% (7-5);; 69.6% (32-14); 63.6% (21-12); 52.0% (13-12); 40.0% (6-9); 33.3% (1-2); 25.0% (1-3);  0.0% (0-1); 36.1% (39/108); 24.1% (26/108); 14.8% (16/108); 25.0% (27/108); 35.3% (6/17); 17.6% (3/17);; 11.8% (2/17); 11.8% (2/17); 23.5% (4/17)
6284;24 (23-02-1994);France;81 kg;185 cm;Right-handed;Two-handed;2012;;Yes ;US$5,853,432;5;;;;17 (1955);10 (;28 (2007);20 (;2069 (;171 (; 55.6% (70-56); 58.2% (32-23); 56.5% (13-10);; 56.5% (26-20);; 47.1% (24-27);; 54.3% (19-16); 63.9% (39-22); 63.6% (7-4); 65.0% (39-21); 75.0% (9-3); 88.1% (89-12); 25.2% (26-77); 55.6% (65-52); 80.0% (8-2); 55.5% (86-69); 59.2% (29-20); 56.1% (83-65); 57.1% (32-24);  0.0% (0-3); 11.1% (1-8); 27.8% (5-13); 38.6% (17-27); 45.9% (50-59); 53.6% (89-77); 55.6% (5-4);; 56.3% (9-7); 75.0% (15-5); 56.8% (21-16); 48.2% (27-29); 57.6% (19-14); 54.5% (12-10);; 56.9% (29-22); 42.5% (17-23); 63.8% (30-17); 44.4% (8-10); 59.3% (16-11); 80.0% (4-1); 80.0% (4-1); 34.3% (49/143); 21.0% (30/143); 12.6% (18/143); 32.2% (46/143); 17.9% (10/56); 23.2% (13/56); 16.1% (9/56);  5.4% (3/56); 19.6% (11/56); 17.9% (10/56)
5131;30 (14-04-1988);Spain;;183 cm;Right-handed;Two-handed;2006;;Yes ;US$8,754,572;9;;;;18 (1955);13 (;12 (2122);12 (;2135 (;171 (; 63.6% (166-95); 59.8% (64-43); 68.6% (24-11);; 65.8% (48-25);; 55.0% (55-45); 75.0% (3-1); 57.1% (40-30); 69.4% (102-45); 54.5% (6-5); 60.2% (77-51); 68.8% (11-5); 87.6% (205-29); 28.7% (49-122); 52.1% (87-80); 59.1% (13-9); 63.7% (207-118); 58.8% (47-33); 62.2% (201-122); 64.6% (53-29); 28.6% (2-5); 12.9% (4-27); 16.4% (9-46); 27.1% (23-62); 48.1% (104-112); 58.5% (196-139); 56.3% (9-7);; 51.6% (16-15); 64.6% (31-17); 51.1% (47-45); 63.4% (71-41); 75.4% (49-16); 83.3% (25-5);; 62.2% (46-28); 65.2% (60-32); 72.0% (77-30); 55.0% (33-27); 54.2% (26-22); 44.4% (4-5); 50.0% (2-2); 41.5% (129/311); 21.2% (66/311); 14.8% (46/311); 22.5% (70/311); 35.8% (29/81); 14.8% (12/81); 13.6% (11/81);  6.2% (5/81); 13.6% (11/81); 16.0% (13/81)
6051;26 (30-09-1992);Italy;;;Right-handed;One-handed;2010;;Yes ;$2,223,050;2;;;;19 (1870);18 (;68 (1881);38 (;1953 (;315 (; 25.0% (6-18); 42.9% (21-28); 40.0% (2-3);; 38.5% (5-8);; 30.8% (4-9);; 11.1% (1-8); 42.9% (18-24);100.0% (1-0); 48.0% (12-13); 50.0% (1-1); 63.0% (17-10); 23.5% (12-39); 48.6% (17-18); 66.7% (2-1); 38.4% (28-45); 20.0% (1-4); 36.9% (24-41); 38.5% (5-8);;  0.0% (0-1); 16.7% (1-5); 27.3% (3-8); 33.3% (11-22); 36.9% (24-41);100.0% (2-0);; 40.0% (2-3); 71.4% (5-2); 50.0% (6-6); 25.0% (8-24); 36.4% (4-7); 12.5% (1-7);; 35.7% (5-9);  0.0% (0-10); 33.3% (3-6); 45.8% (11-13); 50.0% (7-7); 33.3% (2-4);; 20.0% (13/65); 16.9% (11/65); 18.5% (12/65); 44.6% (29/65);  7.7% (1/13); 23.1% (3/13);  7.7% (1/13);  7.7% (1/13); 30.8% (4/13); 23.1% (3/13)
6029;26 (16-08-1992);Argentina;;170 cm;Right-handed;Two-handed;2010;;Yes ;$4,557,551;2;;;;20 (1835);11 (;30 (1999);20 (;2052 (;287 (; 52.6% (51-46); 52.9% (55-49); 11.1% (1-8);; 53.7% (22-19);; 45.5% (20-24);; 56.3% (18-14); 50.0% (43-43); 57.1% (4-3); 50.0% (31-31); 57.1% (4-3); 79.8% (91-23); 16.7% (16-80); 37.9% (25-41); 60.0% (3-2); 50.0% (93-93); 58.3% (14-10); 50.3% (83-82); 53.3% (24-21);  0.0% (0-4);  0.0% (0-13); 13.6% (3-19); 20.9% (9-34); 38.1% (37-60); 44.7% (76-94); 50.0% (2-2);; 44.4% (4-5); 42.9% (9-12); 48.8% (21-22); 53.0% (35-31); 54.3% (19-16); 52.0% (13-12);; 47.2% (17-19); 41.9% (13-18); 54.3% (19-16); 54.0% (27-23); 47.4% (18-20); 75.0% (6-2); 60.0% (3-2); 33.5% (54/161); 16.8% (27/161); 17.4% (28/161); 32.3% (52/161); 29.5% (13/44); 15.9% (7/44);  9.1% (4/44);  6.8% (3/44); 15.9% (7/44); 22.7% (10/44)
5663;28 (07-12-1990);Belgium;;163 cm;Right-handed;Two-handed;2009;;Yes ;US$10,265,940;4;;;;21 (1830);7 (;14 (2106);8 (;2165 (;136 (; 62.4% (151-91); 63.1% (65-38); 46.7% (14-16);; 62.3% (43-26); 50.0% (3-3); 59.4% (63-43); 50.0% (2-2); 61.9% (39-24); 56.3% (58-45); 88.5% (23-3); 64.2% (77-43); 73.3% (11-4); 88.8% (174-22); 31.5% (57-124); 48.6% (69-73); 57.9% (11-8); 61.5% (185-116); 60.5% (46-30); 58.8% (167-117); 68.8% (64-29); 16.7% (1-5); 18.2% (6-27); 24.1% (14-44); 32.3% (31-65); 48.5% (97-103); 56.1% (171-134); 36.4% (4-7);; 50.0% (11-11); 47.6% (20-22); 51.9% (42-39); 63.4% (64-37); 76.3% (45-14); 64.5% (20-11); 50.0% (2-2); 52.7% (39-35); 63.9% (62-35); 62.7% (42-25); 55.1% (27-22); 59.2% (29-20); 55.6% (5-4); 66.7% (4-2); 34.5% (95/275); 24.0% (66/275); 14.2% (39/275); 27.3% (75/275); 35.6% (32/90); 22.2% (20/90); 12.2% (11/90);  4.4% (4/90);  8.9% (8/90); 16.7% (15/90)
5918;26 (23-02-1992);Georgia;;185 cm;Right-handed;Two-handed;2008;;Yes ;US$3,479,870;2;;;;22 (1820);20 (;32 (1984);30 (;1990 (;315 (; 48.2% (40-43); 46.5% (20-23); 40.0% (6-9);  0.0% (0-1); 46.2% (12-14);; 30.0% (6-14);  0.0% (0-1); 61.9% (13-8); 47.8% (33-36); 57.1% (4-3); 47.8% (22-24); 75.0% (3-1); 82.4% (56-12); 15.8% (12-64); 62.7% (37-22);  0.0% (0-1); 45.2% (52-63); 55.2% (16-13); 46.0% (52-61); 51.6% (16-15);  0.0% (0-2); 16.7% (1-5); 25.0% (3-9); 31.0% (9-20); 38.3% (23-37); 40.2% (43-64); 50.0% (2-2);; 57.1% (4-3); 58.3% (7-5); 52.2% (12-11); 40.7% (22-32); 52.6% (10-9); 38.9% (7-11);; 48.8% (20-21); 21.1% (4-15); 56.7% (17-13); 56.3% (18-14); 33.3% (3-6);  0.0% (0-1); 40.0% (2-3); 29.0% (31/107); 17.8% (19/107); 21.5% (23/107); 31.8% (34/107); 22.6% (7/31); 19.4% (6/31);  9.7% (3/31);  3.2% (1/31); 29.0% (9/31); 16.1% (5/31)
5793;27 (12-07-1991);Spain;;188 cm;Right-handed;Two-handed;2011;;Yes ;US$6,493,951;3;;;;23 (1705);10 (;31 (1989);21 (;2071 (;217 (; 51.9% (70-65); 54.7% (76-63);  0.0% (0-6);; 56.3% (27-21);  0.0% (0-2); 45.9% (28-33);; 50.0% (20-20); 55.6% (69-55); 40.0% (2-3); 44.3% (39-49); 27.3% (3-8); 78.5% (124-34); 16.7% (20-100); 52.0% (66-61); 55.6% (10-8); 53.6% (134-116); 40.0% (12-18); 51.8% (118-110); 53.8% (28-24);;  7.1% (1-13); 10.7% (3-25); 19.6% (10-41); 37.2% (51-86); 46.8% (104-118); 50.0% (3-3);; 35.3% (6-11); 48.6% (17-18); 59.6% (34-23); 54.8% (46-38); 53.2% (25-22); 48.1% (13-14);  0.0% (0-2); 40.5% (15-22); 39.0% (16-25); 56.3% (27-21); 61.6% (45-28); 51.7% (31-29); 61.5% (8-5); 66.7% (2-1); 34.2% (75/219); 16.4% (36/219); 18.7% (41/219); 30.6% (67/219); 27.1% (13/48); 20.8% (10/48);  6.3% (3/48); 16.7% (8/48); 12.5% (6/48); 16.7% (8/48)
5763;27 (16-05-1991);Bulgaria;80 kg;188 cm;Right-handed;One-handed;2008;;Yes ;US$15,902,694 28th all-time leader in earnings;8;;1;1;24 (1610);3 (;20 (2081);6 (;2203 (;89 (; 62.0% (189-116); 58.8% (60-42); 59.3% (35-24);100.0% (2-0); 60.9% (53-34);100.0% (5-0); 58.3% (81-58); 33.3% (1-2); 56.3% (49-38); 64.5% (89-49); 88.9% (8-1); 60.0% (96-64); 53.8% (7-6); 85.0% (226-40); 29.7% (60-142); 56.1% (124-97); 66.7% (18-9); 60.6% (226-147); 63.2% (60-35); 60.5% (225-147); 63.5% (61-35);  9.1% (1-10); 24.4% (10-31); 28.8% (23-57); 35.4% (45-82); 50.9% (144-139); 57.8% (223-163); 53.3% (8-7);; 42.4% (14-19); 57.1% (32-24); 58.2% (57-41); 59.2% (84-58); 73.3% (55-20); 67.6% (25-12);100.0% (3-0); 59.6% (65-44); 65.2% (88-47); 60.6% (40-26); 53.7% (36-31); 56.4% (31-24); 68.8% (11-5); 63.6% (7-4); 35.4% (129/364); 24.5% (89/364); 15.9% (58/364); 24.2% (88/364); 39.1% (36/92); 17.4% (16/92);  7.6% (7/92);  6.5% (6/92); 13.0% (12/92); 16.3% (15/92)
33215;19 (15-04-1999);Canada;;;Left-handed;One-handed;2017;;Yes ;US$2,159,345;;;;;25 (1485);23 (;35 (1972);27 (;2001 (;394 (; 55.7% (39-31); 57.1% (8-6); 33.3% (3-6);; 58.8% (10-7);; 59.4% (19-13);; 46.7% (7-8); 42.9% (9-12); 62.5% (5-3); 68.4% (26-12); 60.0% (3-2); 80.9% (38-9); 26.1% (12-34); 50.0% (26-26);100.0% (4-0); 55.8% (43-34); 43.8% (7-9); 51.4% (36-34); 60.9% (14-9);  0.0% (0-1); 20.0% (1-4); 12.5% (1-7); 36.8% (7-12); 45.1% (23-28); 53.2% (41-36);;;  0.0% (0-4); 66.7% (4-2); 31.6% (6-13); 63.0% (17-10); 50.0% (10-10); 88.9% (8-1);  2.4% (1/41); 46.2% (12-14); 52.6% (10-9); 59.3% (16-11); 63.6% (7-4);  0.0% (0-1);  0.0% (0-1);; 18.8% (13/69); 33.3% (23/69); 14.5% (10/69); 33.3% (23/69); 38.1% (8/21);  4.8% (1/21); 14.3% (3/21);  9.5% (2/21); 19.0% (4/21); 14.3% (3/21)
4269;35 (15-11-1983);Spain;;188 cm;Left-handed;Two-handed;2001;;Yes ;US$16,145,181 27th all-time leader in earnings;7;;;;26 (1455);7 (;29 (1999);7 (;2204 (;131 (; 54.1% (246-209); 62.2% (222-135); 54.8% (46-38); 52.9% (9-8); 62.7% (106-63);  0.0% (0-3); 50.2% (122-121);  0.0% (0-1); 57.1% (89-67); 60.1% (196-130); 64.3% (9-5); 50.3% (163-161); 52.2% (24-22); 82.5% (414-88); 26.5% (109-302); 49.2% (205-212); 35.9% (14-25); 58.4% (450-321); 51.4% (73-69); 56.2% (412-321); 61.7% (111-69);  0.0% (0-12); 18.4% (14-62); 21.1% (27-101); 30.6% (71-161); 43.2% (205-269); 52.1% (390-359); 30.4% (7-16);; 46.9% (23-26); 49.5% (49-50); 51.6% (99-93); 58.2% (167-120); 63.0% (109-64); 81.4% (57-13); 40.0% (2-3); 47.8% (54-59); 51.6% (79-74); 60.0% (102-68); 62.7% (141-84); 58.2% (82-59); 57.1% (32-24); 60.0% (24-16); 35.9% (255/710); 19.6% (139/710); 19.6% (139/710); 24.9% (177/710); 31.8% (56/176); 15.9% (28/176); 13.6% (24/176); 12.5% (22/176); 11.4% (20/176); 14.8% (26/176)
4752;32 (18-06-1986);France;75 kg;185 cm;Right-handed;One-handed;2002;;Yes ;US$17,222,444 23th all-time leader in earnings;15;;;;27 (1445);7 (;24 (2028);9 (;2196 (;87 (; 62.5% (308-185); 63.1% (137-80); 68.0% (66-31); 56.3% (9-7); 65.6% (105-55); 16.7% (1-5); 57.5% (130-96); 50.0% (1-1); 58.0% (65-47); 69.7% (205-89); 58.3% (14-10); 58.8% (133-93); 43.5% (10-13); 87.7% (433-61); 26.7% (88-242); 54.2% (181-153); 60.0% (18-12); 63.3% (405-235); 63.0% (116-68); 62.7% (403-240); 65.2% (118-63);  5.9% (1-16); 13.8% (9-56); 24.4% (32-99); 32.9% (70-143); 49.7% (228-231); 58.2% (403-289); 48.4% (15-16);; 50.8% (31-30); 58.1% (61-44); 57.8% (104-76); 66.1% (152-78); 80.2% (101-25); 67.8% (40-19); 37.5% (3-5); 56.5% (91-70); 66.7% (126-63); 64.9% (87-47); 65.7% (94-49); 64.0% (64-36); 56.3% (18-14); 65.9% (27-14); 43.6% (271/621); 20.0% (124/621); 12.7% (79/621); 23.7% (147/621); 42.8% (74/173); 16.8% (29/173);  5.8% (10/173);  7.5% (13/173);  8.7% (15/173); 18.5% (32/173)
45107;19 (17-02-1999);Australia;;;Right-handed;Two-handed;;;Yes ;US$1,486,516;1;;;;28 (1443);28 (;34 (1975);34 (;1975 (;394 (; 60.4% (32-21); 16.7% (1-5); 40.0% (2-3);; 46.7% (7-8);; 42.9% (3-4);; 71.4% (5-2); 62.5% (20-12);  0.0% (0-3); 55.0% (11-9); 50.0% (2-2); 81.8% (27-6); 25.8% (8-23); 59.4% (19-13); 50.0% (3-3); 56.7% (34-26); 25.0% (1-3); 60.9% (28-18); 38.9% (7-11);  0.0% (0-1);  0.0% (0-5);  0.0% (0-10);  0.0% (0-13); 47.2% (17-19); 53.7% (29-25); 33.3% (1-2);; 60.0% (3-2); 80.0% (4-1); 54.5% (6-5); 57.9% (11-8); 62.5% (5-3); 50.0% (5-5);; 72.4% (21-8); 45.5% (5-6); 53.8% (7-6); 16.7% (1-5);; 50.0% (1-1);; 40.9% (18/44); 20.5% (9/44); 15.9% (7/44); 22.7% (10/44); 11.1% (2/18); 16.7% (3/18); 11.1% (2/18); 11.1% (2/18); 16.7% (3/18); 33.3% (6/18)
6364;24 (08-01-1995);United Kingdom;;;Right-handed;Two-handed;2011;;Yes ;$4,317,977;1;;;;29 (1440);14 (;27 (2010);24 (;2038 (;351 (; 52.8% (57-51); 55.8% (24-19); 33.3% (8-16);; 54.1% (20-17);; 42.1% (16-22); 50.0% (1-1); 50.0% (13-13); 56.3% (36-28); 37.5% (3-5); 39.0% (23-36); 42.9% (3-4); 76.8% (76-23); 17.1% (13-63); 51.9% (42-39); 66.7% (6-3); 49.4% (78-80); 64.7% (11-6); 50.8% (67-65); 51.2% (22-21);  0.0% (0-2);  7.1% (1-13); 10.5% (2-17); 30.8% (12-27); 34.6% (28-53); 47.6% (70-77); 50.0% (1-1);; 25.0% (2-6); 38.9% (7-11); 64.3% (18-10); 48.1% (25-27); 60.0% (21-14); 50.0% (12-12);; 43.8% (14-18); 50.0% (18-18); 56.9% (29-22); 54.5% (12-10); 50.0% (7-7); 20.0% (1-4); 71.4% (5-2); 34.6% (44/127); 15.7% (20/127); 25.2% (32/127); 24.4% (31/127); 31.0% (13/42); 14.3% (6/42);  7.1% (3/42);  9.5% (4/42);  7.1% (3/42); 31.0% (13/42)
26011;21 (20-01-1998);United States;;;Right-handed;Two-handed;2015;;Yes ;US$1,728,252;1;;;;30 (1430);30 (;40 (1962);39 (;1962 (;394 (; 42.6% (29-39); 33.3% (6-12); 55.6% (5-4);; 42.9% (9-12);; 45.8% (11-13);; 33.3% (4-8); 44.4% (16-20);  0.0% (0-2); 42.1% (16-22); 16.7% (1-5); 73.2% (30-11); 18.5% (10-44); 42.1% (24-33); 40.0% (4-6); 44.0% (37-47); 27.3% (3-8); 43.1% (31-41); 39.1% (9-14);;  0.0% (0-5); 21.4% (3-11); 20.0% (5-20); 34.6% (18-34); 41.0% (32-46); 50.0% (1-1);;100.0% (2-0); 40.0% (2-3); 35.7% (5-9); 42.4% (14-19); 40.0% (8-12); 47.1% (8-9);  1.8% (1/55); 53.3% (16-14); 35.3% (6-11); 36.4% (8-14); 28.6% (4-10); 40.0% (2-3); 80.0% (4-1);; 22.2% (16/72); 20.8% (15/72); 23.6% (17/72); 33.3% (24/72);  4.3% (1/23); 30.4% (7/23);  4.3% (1/23); 21.7% (5/23);  4.3% (1/23); 34.8% (8/23)
4467;34 (27-12-1984);France;;183 cm;Right-handed;Two-handed;2002;;Yes ;US$13,635,351;14;;;;31 (1280);6 (;37 (1970);9 (;2124 (;108 (; 59.2% (273-188); 57.9% (139-101); 55.8% (43-34); 36.4% (4-7); 61.9% (83-51); 50.0% (2-2); 55.0% (120-98); 66.7% (6-3); 52.4% (55-50); 61.5% (185-116); 44.4% (8-10); 61.2% (167-106); 59.4% (19-13); 86.6% (355-55); 27.4% (104-275); 49.4% (160-164); 52.8% (19-17); 57.6% (343-253); 60.1% (116-77); 57.9% (371-270); 59.5% (88-60); 25.0% (2-6); 17.2% (11-53); 26.4% (32-89); 32.1% (60-127); 43.7% (176-227); 54.0% (347-296); 66.7% (14-7);; 41.7% (20-28); 52.2% (48-44); 52.6% (91-82); 56.5% (139-107); 71.3% (92-37); 77.2% (44-13); 60.0% (3-2); 60.3% (117-77); 55.1% (87-71); 57.9% (73-53); 60.2% (68-45); 56.8% (46-35); 63.2% (48-28); 52.2% (12-11); 34.5% (216/626); 23.6% (148/626); 14.9% (93/626); 27.0% (169/626); 28.0% (40/143); 18.2% (26/143); 13.3% (19/143);  9.1% (13/143);  9.8% (14/143); 21.7% (31/143)
4259;35 (16-10-1983);Germany;;178 cm;Right-handed;One-handed;2001;;Yes ;US$11,986,552;8;;;;32 (1250);16 (;33 (1978);14 (;2116 (;217 (; 54.6% (221-184); 57.2% (166-124); 62.4% (58-35); 45.5% (5-6); 55.0% (71-58);; 48.8% (80-84);100.0% (1-0); 52.3% (69-63); 62.2% (201-122); 55.2% (16-13); 53.5% (129-112); 57.1% (16-12); 84.6% (384-70); 18.9% (65-279); 50.4% (184-181); 55.6% (25-20); 57.2% (378-283); 52.1% (73-67); 56.5% (366-282); 55.6% (85-68);  0.0% (0-11); 15.6% (10-54); 20.3% (24-94); 28.2% (60-153); 43.2% (181-238); 52.3% (348-317); 44.4% (8-10);; 43.9% (18-23); 44.8% (39-48); 54.8% (92-76); 60.4% (145-95); 61.2% (79-50); 64.1% (41-23);  0.0% (0-2); 57.6% (83-61); 50.3% (73-72); 60.8% (79-51); 61.4% (105-66); 52.4% (55-50); 51.0% (26-25); 53.8% (14-12); 38.7% (241/623); 18.0% (112/623); 16.2% (101/623); 27.1% (169/623); 31.9% (46/144); 12.5% (18/144); 11.1% (16/144);  8.3% (12/144); 14.6% (21/144); 21.5% (31/144)
4789;32 (01-09-1986);France;80 kg;193 cm;Right-handed;Two-handed;2004;;Yes ;US$15,014,229 32nd all-time leader in earnings;7;;;;33 (1195);6 (;25 (2024);7 (;2189 (;92 (; 65.0% (273-147); 61.3% (122-77); 60.9% (39-25); 60.0% (6-4); 67.6% (100-48);  0.0% (0-2); 56.0% (94-74); 75.0% (6-2); 63.9% (62-35); 65.0% (167-90); 85.7% (12-2); 55.6% (119-95); 53.3% (16-14); 87.1% (371-55); 25.8% (69-198); 57.6% (178-131); 44.8% (13-16); 63.0% (339-199); 65.4% (102-54); 62.1% (332-203); 68.6% (109-50);  5.6% (1-17); 21.4% (12-44); 29.9% (32-75); 39.3% (72-111); 53.1% (203-179); 59.5% (339-231); 25.0% (7-21);; 48.2% (27-29); 60.4% (58-38); 68.6% (96-44); 62.8% (118-70); 67.0% (77-38); 83.6% (46-9);  0.0% (0-2); 64.9% (98-53); 62.4% (93-56); 60.9% (67-43); 65.2% (75-40); 68.0% (70-33); 51.7% (15-14); 47.8% (11-12); 43.3% (222/513); 20.1% (103/513); 15.8% (81/513); 20.9% (107/513); 39.2% (60/153); 20.3% (31/153); 10.5% (16/153);  9.2% (14/153); 11.1% (17/153);  9.8% (15/153)
5438;29 (24-12-1989);United States;;188 cm;Right-handed;Two-handed;2012;;Yes ;US$5,035,097;4;;;;34 (1190);21 (;56 (1912);21 (;2042 (;287 (; 49.2% (95-98); 52.9% (27-24); 57.4% (27-20);; 46.0% (23-27);; 37.7% (20-33); 75.0% (3-1); 51.0% (25-24); 58.8% (77-54); 25.0% (1-3); 51.7% (46-43); 38.5% (5-8); 80.9% (123-29); 18.7% (26-113); 47.9% (81-88); 63.6% (14-8); 52.1% (136-125); 43.3% (13-17); 52.7% (126-113); 44.2% (23-29);;  0.0% (0-10); 14.3% (4-24); 28.6% (18-45); 37.3% (53-89); 47.3% (106-118); 66.7% (4-2);; 42.9% (6-8); 40.6% (13-19); 58.9% (33-23); 51.5% (50-47); 54.2% (26-22); 47.1% (16-18);; 45.8% (27-32); 54.3% (44-37); 52.4% (33-30); 58.0% (29-21); 45.2% (14-17); 33.3% (1-2);; 34.5% (81/235); 17.4% (41/235); 14.9% (35/235); 33.2% (78/235); 23.5% (12/51); 11.8% (6/51);  9.8% (5/51); 15.7% (8/51); 11.8% (6/51); 27.5% (14/51)
4868;31 (12-02-1987);France;;188 cm;Right-handed;Two-handed;2005;;Yes ;$8,113,032;1;;;;35 (1155);25 (;45 (1937);23 (;2016 (;351 (; 47.7% (133-146); 52.8% (93-83); 49.1% (26-27);; 53.2% (50-44);; 45.3% (62-75);; 45.7% (32-38); 51.3% (101-96); 71.4% (5-2); 52.8% (76-68); 70.6% (12-5); 86.8% (203-31); 17.6% (48-225); 48.8% (127-133); 60.0% (18-12); 50.6% (218-213); 44.2% (34-43); 48.7% (199-210); 53.5% (53-46);  0.0% (0-4);  8.6% (3-32); 16.2% (11-57); 25.0% (34-102); 34.8% (89-167); 44.9% (190-233); 33.3% (1-2);; 21.4% (3-11); 31.8% (14-30); 45.3% (43-52); 52.3% (92-84); 47.2% (51-57); 70.7% (41-17);; 43.8% (42-54); 53.0% (61-54); 50.5% (46-45); 52.0% (52-48); 46.9% (30-34); 42.9% (9-12); 50.0% (7-7); 32.3% (129/400); 16.0% (64/400); 15.8% (63/400); 36.0% (144/400); 21.6% (21/97); 18.6% (18/97); 12.4% (12/97);  5.2% (5/97); 13.4% (13/97); 28.9% (28/97)
5349;29 (14-06-1989);Australia;;183 cm;Right-handed;Two-handed;2006;;Yes ;$2,336,968;;;;;36 (1108);33 (;42 (1941);38 (;1954 (;481 (; 44.7% (38-47); 40.0% (6-9); 47.1% (8-9);; 46.7% (14-16);; 40.0% (4-6); 50.0% (1-1); 30.0% (3-7); 46.9% (30-34);  0.0% (0-1); 51.2% (21-20); 33.3% (2-4); 78.6% (33-9); 25.3% (19-56); 45.3% (24-29); 60.0% (3-2); 44.7% (46-57); 42.9% (6-8); 44.2% (38-48); 45.2% (14-17);; 16.7% (1-5);  8.3% (1-11); 22.2% (6-21); 26.2% (17-48); 38.8% (38-60);  0.0% (0-1);; 50.0% (1-1); 33.3% (2-4); 26.1% (6-17); 50.0% (23-23); 47.4% (9-10); 57.9% (11-8);; 40.7% (11-16); 44.8% (13-16); 50.0% (19-19); 33.3% (3-6); 50.0% (6-6);;  0.0% (0-1); 21.7% (18/83); 22.9% (19/83); 19.3% (16/83); 36.1% (30/83); 13.3% (4/30); 23.3% (7/30);  6.7% (2/30); 13.3% (4/30); 16.7% (5/30); 26.7% (8/30)
4311;34 (21-02-1984);Italy;;190 cm;Right-handed;Two-handed;2002;;Yes ;US$ 9,821,519;3;;;;37 (1080);18 (;44 (1937);21 (;2029 (;287 (; 45.9% (169-199); 51.0% (129-124); 56.7% (55-42); 28.6% (4-10); 50.4% (57-56);; 43.1% (66-87); 50.0% (3-3); 43.4% (46-60); 52.7% (166-149); 48.6% (18-19); 54.2% (137-116); 53.7% (22-19); 82.6% (271-57); 21.2% (86-319); 44.6% (139-173); 51.4% (18-17); 49.4% (292-299); 45.8% (65-77); 48.5% (285-303); 49.7% (72-73);  0.0% (0-10);  9.4% (5-48);  9.9% (9-82); 21.1% (35-131); 31.4% (112-245); 43.0% (260-344); 33.3% (3-6);; 30.0% (9-21); 44.6% (29-36); 50.0% (65-65); 45.9% (113-133); 52.5% (73-66); 62.2% (46-28);; 46.0% (63-74); 51.1% (69-66); 45.8% (55-65); 47.6% (59-65); 48.9% (45-47); 58.1% (36-26); 46.2% (12-14); 27.7% (158/571); 20.1% (115/571); 17.0% (97/571); 35.2% (201/571); 19.7% (28/142); 13.4% (19/142); 15.5% (22/142); 13.4% (19/142); 12.7% (18/142); 25.4% (36/142)
5364;29 (11-07-1989);Slovakia;;190 cm;Left-handed;Two-handed;2007;;Yes ;$4,810,128;6;;;;38 (1066);24 (;38 (1966);26 (;1998 (;231 (; 46.4% (64-74); 59.3% (67-46); 25.0% (4-12);; 39.0% (16-25);; 23.5% (8-26);  0.0% (0-1); 57.7% (30-22); 56.4% (66-51); 69.2% (18-8); 53.8% (50-43); 41.7% (5-7); 74.6% (106-36); 25.0% (32-96); 53.7% (66-57); 68.8% (11-5); 48.8% (105-110); 58.9% (33-23); 52.4% (110-100); 45.9% (28-33);  0.0% (0-5);  7.7% (1-12); 17.4% (4-19); 30.0% (15-35); 32.8% (40-82); 45.8% (93-110); 85.7% (6-1);; 53.8% (7-6); 52.0% (13-12); 58.1% (25-18); 48.8% (40-42); 30.4% (14-32); 51.7% (15-14);; 50.0% (27-27); 36.7% (18-31); 47.5% (19-21); 54.3% (19-16); 55.3% (26-21); 66.7% (8-4); 37.5% (3-5); 31.3% (63/201); 22.4% (45/201); 17.9% (36/201); 28.4% (57/201); 18.9% (10/53); 17.0% (9/53);  9.4% (5/53); 13.2% (7/53); 13.2% (7/53); 28.3% (15/53)
5303;29 (30-03-1989);Portugal;;185 cm;Right-handed;Two-handed;2008;;Yes ;$5,085,760;3;;;;39 (1062);28 (;52 (1917);32 (;1974 (;351 (; 46.6% (90-103); 51.5% (69-65); 38.5% (10-16);; 46.8% (22-25);; 37.5% (24-40); 50.0% (1-1); 29.5% (13-31); 54.2% (91-77); 64.5% (20-11); 51.1% (67-64); 53.8% (7-6); 78.1% (125-35); 23.5% (46-150); 49.6% (65-66); 61.1% (11-7); 46.7% (134-153); 53.6% (37-32); 47.2% (136-152); 51.5% (35-33);  0.0% (0-3); 16.7% (3-15); 12.1% (4-29); 18.3% (11-49); 36.6% (56-97); 43.5% (114-148); 30.0% (3-7);; 58.8% (10-7); 58.6% (17-12); 53.7% (29-25); 37.6% (47-78); 45.6% (26-31); 57.6% (19-14);; 35.2% (19-35); 42.1% (32-44); 54.1% (33-28); 50.0% (31-31); 48.1% (25-27); 54.5% (6-5); 55.6% (5-4); 25.1% (71/283); 21.2% (60/283); 20.5% (58/283); 33.2% (94/283); 26.2% (17/65); 12.3% (8/65); 10.8% (7/65);  9.2% (6/65); 16.9% (11/65); 24.6% (16/65)
26007;21 (28-10-1997);United States;;;Right-handed;Two-handed;2015;;Yes ;US$1,754,709;;;;;40 (1036);40 (;46 (1935);46 (;1935 (;; 52.3% (46-42); 54.5% (6-5); 23.1% (3-10);; 35.3% (6-11);; 47.4% (9-10);; 38.5% (5-8); 55.6% (35-28);; 50.0% (22-22); 20.0% (1-4); 79.2% (38-10); 26.6% (17-47); 57.6% (38-28); 71.4% (5-2); 48.5% (47-50); 53.3% (8-7); 51.6% (49-46); 35.3% (6-11);;  0.0% (0-4); 20.0% (2-8); 26.3% (5-14); 34.8% (16-30); 43.5% (37-48);  0.0% (0-1);; 33.3% (1-2); 25.0% (3-9); 60.0% (12-8); 48.8% (20-21); 61.1% (11-7); 47.1% (8-9);  1.7% (1/58); 35.3% (6-11); 38.1% (8-13); 60.0% (30-20); 53.8% (7-6); 36.4% (4-7);;; 29.5% (28/95); 22.1% (21/95); 18.9% (18/95); 29.5% (28/95); 12.5% (2/16); 12.5% (2/16);  6.3% (1/16); 25.0% (4/16); 18.8% (3/16); 25.0% (4/16)
11769;23 (11-10-1995);Chile;;;Right-handed;Two-handed;2014;;Yes ;US$$1,256,286;;;;;41 (1015);39 (;74 (1875);57 (;1909 (;; 40.0% (10-15); 57.9% (22-16); 25.0% (1-3);; 22.2% (2-7);; 42.9% (3-4);; 41.7% (5-7); 59.3% (16-11); 58.3% (7-5); 50.0% (15-15);  0.0% (0-3); 70.0% (21-9); 32.4% (12-25); 45.8% (22-26); 83.3% (5-1); 51.6% (33-31);  0.0% (0-3); 54.7% (29-24); 28.6% (4-10);;; 66.7% (2-1); 27.3% (3-8); 50.0% (12-12); 44.7% (21-26);  0.0% (0-1);; 25.0% (1-3); 57.1% (4-3); 60.0% (6-4); 64.7% (11-6); 14.3% (1-6); 33.3% (3-6);; 42.9% (6-8); 62.5% (10-6); 28.6% (2-5); 33.3% (3-6); 50.0% (3-3); 66.7% (2-1);; 26.9% (14/52); 28.8% (15/52); 23.1% (12/52); 21.2% (11/52);  7.1% (1/14); 21.4% (3/14);; 21.4% (3/14); 28.6% (4/14); 21.4% (3/14)
5571;28 (30-06-1990);Serbia;;180 cm;Right-handed;One-handed;2007;;Yes ;$3,277,158;;;;;42 (1010);42 (;55 (1914);42 (;1938 (;; 40.6% (39-57); 50.0% (57-57); 28.6% (4-10);; 39.4% (13-20);; 39.3% (11-17);; 44.8% (13-16); 45.4% (54-65); 56.3% (9-7); 47.9% (34-37); 11.1% (1-8); 75.0% (84-28); 14.9% (17-97); 41.3% (38-54); 36.4% (4-7); 45.6% (89-106); 38.7% (12-19); 46.2% (84-98); 38.6% (17-27);  0.0% (0-3);  0.0% (0-8); 12.5% (2-14); 13.5% (5-32); 25.5% (28-82); 33.1% (55-111);;;  0.0% (0-4); 20.0% (4-16); 45.5% (20-24); 51.2% (44-42); 34.6% (9-17); 48.3% (14-15);; 29.6% (8-19); 43.2% (19-25); 47.2% (17-19); 50.8% (30-29); 40.6% (13-19); 50.0% (4-4); 25.0% (1-3); 26.9% (46/171); 19.3% (33/171); 17.0% (29/171); 36.8% (63/171); 25.6% (11/43);  9.3% (4/43);  2.3% (1/43); 18.6% (8/43); 18.6% (8/43); 23.3% (10/43)
4291;35 (20-01-1984);Tunisia;;185 cm;Right-handed;Two-handed;2003;;Yes ;US$3,392,585;;;;;43 (1007);42 (;97 (1832);52 (;1922 (;; 43.6% (61-79); 47.5% (19-21); 30.8% (8-18); 50.0% (1-1); 33.3% (11-22);; 45.5% (10-12); 33.3% (1-2); 50.0% (21-21); 37.1% (33-56); 68.4% (13-6); 48.6% (34-36); 50.0% (7-7); 73.1% (68-25); 18.3% (21-94); 42.9% (36-48); 50.0% (4-4); 44.4% (80-100); 32.1% (9-19); 42.9% (69-92); 42.6% (20-27);  0.0% (0-2); 30.0% (3-7); 20.0% (3-12); 13.8% (4-25); 19.3% (16-67); 32.9% (48-98);  0.0% (0-1);; 25.0% (1-3); 30.8% (4-9); 43.3% (13-17); 37.2% (29-49); 47.2% (17-19); 44.4% (12-15);; 40.0% (16-24); 40.4% (19-28); 42.0% (21-29); 26.1% (6-17); 38.5% (5-8); 42.9% (3-4); 66.7% (6-3); 26.3% (41/156); 17.3% (27/156); 18.6% (29/156); 37.8% (59/156); 17.4% (8/46); 10.9% (5/46); 15.2% (7/46); 15.2% (7/46); 13.0% (6/46); 28.3% (13/46)
5718;27 (18-03-1991);France;;188 cm;Right-handed;Two-handed;2010;;Yes ;US$5,585,112;;;;;44 (983);44 (;43 (1939);43 (;1939 (;; 44.3% (43-54); 37.5% (6-10); 47.4% (9-10);; 43.3% (13-17);; 37.9% (11-18);; 47.1% (8-9); 47.3% (26-29);  0.0% (0-1); 45.5% (20-24); 66.7% (2-1); 76.3% (45-14); 17.8% (13-60); 45.1% (41-50); 60.0% (6-4); 46.7% (42-48); 38.1% (16-26); 44.1% (45-57); 43.3% (13-17);;  0.0% (0-5); 16.7% (2-10); 18.5% (5-22); 31.3% (21-46); 42.9% (45-60);  0.0% (0-2);; 66.7% (2-1); 42.9% (3-4); 30.4% (7-16); 50.0% (21-21); 37.5% (12-20); 59.1% (13-9);; 44.4% (20-25); 47.6% (20-22); 38.1% (8-13); 63.6% (7-4); 22.2% (2-7); 50.0% (1-1);  0.0% (0-1); 25.3% (25/99); 18.2% (18/99); 23.2% (23/99); 33.3% (33/99); 13.8% (4/29); 20.7% (6/29);  6.9% (2/29);  3.4% (1/29); 27.6% (8/29); 27.6% (8/29)
5044;31 (26-11-1987);Australia;;188 cm;Right-handed;Two-handed;2006;;Yes ;US$1,970,540;;;;;45 (981);39 (;66 (1883);54 (;1913 (;; 39.4% (50-77);  8.3% (1-11); 47.4% (18-20);; 33.3% (10-20);; 50.0% (13-13);; 35.0% (7-13); 36.1% (35-62);100.0% (4-0); 52.7% (29-26); 25.0% (1-3); 71.2% (52-21); 16.3% (17-87); 39.3% (24-37); 60.0% (6-4); 39.7% (62-94); 33.3% (7-14); 39.3% (57-88); 37.5% (12-20);  0.0% (0-2);  0.0% (0-6); 23.1% (3-10); 21.4% (6-22); 24.0% (18-57); 31.3% (42-92);  0.0% (0-1);; 33.3% (1-2); 27.3% (3-8); 35.5% (11-20); 37.7% (29-48); 36.4% (8-14); 46.4% (13-15);; 38.2% (13-21); 43.2% (16-21); 41.7% (20-28); 27.3% (6-16); 34.5% (10-19);  0.0% (0-3);; 19.3% (27/140); 20.0% (28/140); 16.4% (23/140); 44.3% (62/140); 22.6% (7/31);  9.7% (3/31);  3.2% (1/31);  9.7% (3/31); 19.4% (6/31); 35.5% (11/31)
5166;30 (29-06-1988);France;;183 cm;Left-handed;Two-handed;2004;;Yes ;$5,592,229;;;;;46 (965);22 (;63 (1886);29 (;2004 (;481 (; 45.1% (107-130); 25.5% (12-35); 58.1% (43-31);; 43.8% (28-36);; 38.9% (28-44);; 42.5% (17-23); 48.9% (88-92); 50.0% (1-1); 47.4% (55-61); 70.0% (7-3); 78.4% (120-33); 20.1% (41-163); 43.5% (67-87); 53.3% (8-7); 46.8% (133-151); 39.2% (29-45); 45.5% (133-159); 43.9% (29-37);  0.0% (0-1);  7.7% (1-12); 11.8% (4-30); 17.1% (13-63); 32.3% (52-109); 37.4% (99-166);  0.0% (0-6);; 50.0% (6-6); 38.7% (12-19); 43.8% (32-41); 49.6% (60-61); 39.7% (27-41); 53.3% (24-21);; 48.3% (42-45); 49.5% (45-46); 44.4% (32-40); 42.1% (24-33); 36.8% (14-24); 25.0% (2-6); 66.7% (2-1); 28.6% (82/287); 16.7% (48/287); 20.2% (58/287); 34.5% (99/287); 19.0% (12/63); 12.7% (8/63); 11.1% (7/63);  4.8% (3/63); 11.1% (7/63); 41.3% (26/63)
5902;26 (08-02-1992);Hungary;;;Right-handed;Two-handed;2009;;Yes ;US$1,753,975;1;;;;47 (959);35 (;50 (1923);47 (;1925 (;481 (; 50.9% (27-26); 58.1% (18-13); 14.3% (1-6); 50.0% (2-2); 38.5% (5-8);; 50.0% (6-6);; 50.0% (7-7); 48.6% (17-18); 65.2% (15-8); 40.0% (12-18); 80.0% (4-1); 73.6% (39-14); 25.0% (11-33); 35.9% (14-25); 12.5% (1-7); 50.6% (41-40); 56.3% (9-7); 48.4% (31-33); 57.6% (19-14);  0.0% (0-1);  0.0% (0-4);  0.0% (0-6); 18.2% (2-9); 45.7% (16-19); 50.7% (34-33);100.0% (1-0);;100.0% (1-0); 20.0% (1-4); 31.3% (5-11); 57.1% (16-12); 53.8% (7-6); 40.0% (4-6);; 47.6% (10-11); 63.2% (12-7); 46.2% (6-7); 45.5% (5-6);  0.0% (0-4); 40.0% (2-3);  0.0% (0-1); 35.5% (22/62); 12.9% (8/62); 27.4% (17/62); 24.2% (15/62); 24.2% (8/33); 21.2% (7/33); 12.1% (4/33);  3.0% (1/33); 18.2% (6/33); 21.2% (7/33)
5016;31 (07-10-1987);United States;;198 cm;Right-handed;Two-handed;2006;;Yes ;US$11,161,549;10;;;;48 (940);11 (;39 (1964);18 (;2068 (;159 (; 56.7% (238-182); 44.2% (46-58); 62.5% (60-36);  0.0% (0-2); 52.9% (54-48);; 47.9% (69-75);  0.0% (0-1); 56.1% (46-36); 60.0% (162-108); 52.6% (10-9); 47.3% (104-116); 41.2% (7-10); 76.0% (279-88); 25.3% (65-192); 48.3% (168-180); 40.0% (16-24); 55.4% (305-246); 53.4% (39-34); 55.8% (283-224); 52.1% (61-56); 18.2% (2-9); 15.6% (5-27); 24.7% (19-58); 27.8% (42-109); 39.5% (118-181); 49.9% (247-248); 55.6% (10-8);; 51.4% (18-17); 59.0% (36-25); 50.4% (60-59); 53.4% (101-88); 57.7% (64-47); 62.9% (39-23); 75.0% (3-1); 54.5% (55-46); 58.0% (91-66); 51.7% (62-58); 56.8% (75-57); 54.9% (39-32); 47.1% (8-9); 57.1% (4-3); 35.4% (174/492); 19.7% (97/492); 21.5% (106/492); 23.4% (115/492); 27.2% (31/114); 18.4% (21/114);  6.1% (7/114);  8.8% (10/114); 24.6% (28/114); 14.0% (16/114)
4914;31 (15-05-1987);Argentina;;188 cm;Right-handed;One-handed;2003;;Yes ;US$5,624,914;2;;;;49 (920);21 (;60 (1892);28 (;1999 (;287 (; 43.5% (67-87); 55.3% (84-68); 45.5% (15-18);; 46.9% (30-34);; 45.1% (23-28);; 50.0% (28-28); 47.0% (71-80); 78.6% (11-3); 42.6% (43-58); 42.9% (3-4); 78.7% (129-35); 21.1% (37-138); 52.1% (98-90); 50.0% (10-10); 50.5% (155-152); 34.4% (11-21); 48.1% (126-136); 51.9% (40-37);  0.0% (0-4);  0.0% (0-16);  6.3% (2-30); 12.3% (8-57); 35.3% (54-99); 43.8% (121-155); 40.0% (2-3);; 62.5% (5-3); 28.0% (7-18); 40.0% (26-39); 49.6% (60-61); 51.9% (28-26); 54.5% (24-20);; 39.2% (20-31); 45.5% (30-36); 47.1% (24-27); 54.7% (41-34); 48.5% (32-34); 50.0% (6-6); 50.0% (2-2); 33.5% (85/254); 15.7% (40/254); 21.3% (54/254); 29.5% (75/254); 22.7% (17/75); 25.3% (19/75);  4.0% (3/75);  5.3% (4/75); 13.3% (10/75); 29.3% (22/75)
11176;22 (19-05-1996);Korea, Republic of;;;Right-handed;Two-handed;2014;;Yes ;US$3,275,423;;;;;50 (910);19 (;41 (1949);21 (;2049 (;394 (; 53.4% (55-48); 54.8% (17-14); 33.3% (1-2);; 54.5% (12-10);; 48.1% (13-14);; 50.0% (10-10); 52.5% (31-28); 80.0% (8-2); 55.3% (21-17); 60.0% (3-2); 84.7% (61-11); 19.7% (13-53); 37.7% (20-33); 25.0% (1-3); 55.3% (68-55); 40.0% (6-9); 50.9% (54-52); 62.5% (20-12);  0.0% (0-3); 11.1% (1-8);  7.1% (1-13); 24.2% (8-25); 35.5% (22-40); 47.2% (50-56);;;  0.0% (0-3); 20.0% (3-12); 48.4% (15-16); 65.9% (27-14); 54.2% (13-11); 57.1% (8-6);; 45.8% (11-13); 50.0% (16-16); 54.5% (18-15); 58.6% (17-12); 42.9% (3-4); 33.3% (1-2);; 33.7% (35/104); 17.3% (18/104); 14.4% (15/104); 34.6% (36/104); 40.7% (11/27); 11.1% (3/27); 11.1% (3/27);  7.4% (2/27);  7.4% (2/27); 22.2% (6/27)
5515;28 (25-04-1990);Germany;;;Right-handed;Two-handed;2009;;Yes ;US$3,637,295;;;;;51 (910);44 (;48 (1927);40 (;1946 (;; 47.0% (54-61); 42.5% (31-42); 26.1% (6-17);; 29.0% (9-22);; 48.3% (14-15);  0.0% (0-1); 29.0% (9-22); 49.1% (55-57); 57.1% (4-3); 46.2% (36-42); 54.5% (6-5); 73.9% (65-23); 21.1% (26-97); 42.5% (51-69); 52.6% (10-9); 39.2% (62-96); 54.7% (29-24); 45.4% (79-95); 32.4% (12-25);; 12.5% (1-7); 13.3% (2-13); 17.1% (7-34); 31.4% (32-70); 37.7% (60-99);;;  0.0% (0-6); 37.5% (6-10); 39.0% (16-25); 49.4% (41-42); 46.7% (14-16); 35.7% (10-18);; 46.3% (25-29); 30.6% (11-25); 48.8% (21-22); 48.6% (18-19); 27.3% (6-16); 50.0% (3-3); 50.0% (3-3); 26.0% (44/169); 17.8% (30/169); 21.9% (37/169); 34.3% (58/169); 16.2% (6/37);; 16.2% (6/37); 13.5% (5/37); 24.3% (9/37); 29.7% (11/37)
